URL_ID,URL,POSITIVE SCORE,NEGATIVE SCORE,POLARITY SCORE,SUBJECTIVITY SCORE,AVG SENTENCE LENGTH,PERCENTAGE OF COMPLEX WORDS,FOG INDEX,AVG NUMBER OF WORDS PER SENTENCE,COMPLEX WORD COUNT,WORD COUNT,SYLLABLE PER WORD,PERSONAL PRONOUNS,AVG WORD LENGTH
Netclan20241017,https://insights.blackcoffer.com/ai-and-ml-based-youtube-analytics-and-content-creation-tool-for-optimizing-subscriber-engagement-and-content-strategy/,5,0,0.99999980000004,0.042372880996839994,36.666666666666664,29.545454545454547,26.484848484848488,36.666666666666664,65,118,2.8389830508474576,1,7.838983050847458
Netclan20241018,https://insights.blackcoffer.com/enhancing-front-end-features-and-functionality-for-improved-user-experience-and-dashboard-accuracy-in-partner-hospital-application/,10,7,0.17647057785467188,0.04271356773187546,27.02777777777778,17.78006166495375,17.92313577709261,27.02777777777778,173,398,2.562814070351759,7,6.8793969849246235
Netclan20241019,https://insights.blackcoffer.com/roas-dashboard-for-campaign-wise-google-ads-budget-tracking-using-google-ads-ap/,10,2,0.6666666111111158,0.07741935433922997,32.875,28.89733840304182,24.70893536121673,32.875,76,155,2.6258064516129034,1,7.251612903225807
Netclan20241020,https://insights.blackcoffer.com/efficient-processing-and-analysis-of-financial-data-from-pdf-files-addressing-formatting-inconsistencies-and-ensuring-data-integrity-for-a-toyota-dealership-management-firm/,23,11,0.35294116608996573,0.0916442046047326,22.59259259259259,36.55737704918033,23.659987856709172,22.59259259259259,223,371,2.975741239892183,4,8.048517520215633
Netclan20241021,https://insights.blackcoffer.com/development-of-ea-robot-for-automated-trading/,2,0,0.99999950000025,0.016806722547842667,24.0,25.925925925925924,19.97037037037037,24.0,56,119,2.7394957983193278,1,7.873949579831932
Netclan20241022,https://insights.blackcoffer.com/ai-and-ml-based-youtube-analytics-and-content-creation-tool-for-optimizing-subscriber-engagement-and-content-strategy/,5,0,0.99999980000004,0.042372880996839994,36.666666666666664,29.545454545454547,26.484848484848488,36.666666666666664,65,118,2.8389830508474576,1,7.838983050847458
Netclan20241023,https://insights.blackcoffer.com/enhancing-front-end-features-and-functionality-for-improved-user-experience-and-dashboard-accuracy-in-partner-hospital-application/,10,7,0.17647057785467188,0.04271356773187546,27.02777777777778,17.78006166495375,17.92313577709261,27.02777777777778,173,398,2.562814070351759,7,6.8793969849246235
Netclan20241024,https://insights.blackcoffer.com/roas-dashboard-for-campaign-wise-google-ads-budget-tracking-using-google-ads-ap/,10,2,0.6666666111111158,0.07741935433922997,32.875,28.89733840304182,24.70893536121673,32.875,76,155,2.6258064516129034,1,7.251612903225807
Netclan20241025,https://insights.blackcoffer.com/efficient-processing-and-analysis-of-financial-data-from-pdf-files-addressing-formatting-inconsistencies-and-ensuring-data-integrity-for-a-toyota-dealership-management-firm/,23,11,0.35294116608996573,0.0916442046047326,22.59259259259259,36.55737704918033,23.659987856709172,22.59259259259259,223,371,2.975741239892183,4,8.048517520215633
Netclan20241026,https://insights.blackcoffer.com/transforming-and-managing-a-large-scale-sql-pedigree-database-to-neo4j-graph-db/,56,21,0.4545454486422669,0.06672443668394762,19.36,33.52272727272727,21.15309090909091,19.36,649,1154,2.931542461005199,1,7.5441941074523395
Netclan20241027,https://insights.blackcoffer.com/enhancing-model-accuracy-from-58-to-over-90-strategies-for-improving-predictive-performance/,18,6,0.4999999791666675,0.08304498241160906,23.818181818181817,33.969465648854964,23.115058986814713,23.818181818181817,178,289,3.1072664359861593,1,8.155709342560554
Netclan20241028,https://insights.blackcoffer.com/securing-sensitive-financial-data-with-privacy-preserving-machine-learning-for-predictive-analytics/,27,2,0.8620689357907263,0.07142857125263899,25.615384615384617,40.99099099099099,26.642550242550243,25.615384615384617,273,406,3.2192118226600983,6,8.47783251231527
Netclan20241029,https://insights.blackcoffer.com/enhancing-data-collection-for-research-institutions-addressing-survey-fatigue-and-incorporating-verbal-communication-for-richer-insights/,20,5,0.599999976000001,0.1008064512064256,24.333333333333332,33.10502283105023,22.975342465753428,24.333333333333332,145,248,3.1088709677419355,4,9.15725806451613
Netclan20241030,https://insights.blackcoffer.com/analyzing-the-impact-of-positive-emotions-and-pandemic-severity-on-mental-health-and-resilience-among-entrepreneurs-insights-and-predictive-modeling/,13,5,0.4444444197530878,0.0708661414532829,29.266666666666666,33.25740318906606,25.009627942293093,29.266666666666666,146,254,3.078740157480315,5,8.440944881889763
Netclan20241031,https://insights.blackcoffer.com/dynamic-brand-centric-dashboard-for-automotive-dealerships-pdf-to-financial-insights-with-flask-react-architecture-and-aws-cloud-hosting/,61,16,0.5844155768257717,0.09254807681184125,21.727272727272727,33.40306834030684,22.052136427031826,21.727272727272727,479,832,2.9122596153846154,10,7.762019230769231
Netclan20241032,https://insights.blackcoffer.com/cloud-based-data-modeling-and-analysis-platform-with-drag-and-drop-interface-and-openai-api-integration-for-simulation-insights/,6,0,0.9999998333333611,0.030769230611439845,26.928571428571427,25.46419098143236,20.957104964001516,26.928571428571427,96,195,2.805128205128205,1,7.728205128205128
Netclan20241033,https://insights.blackcoffer.com/voter-profile-analysis-and-search-application-for-targeted-campaign-engagement-using-government-voter-data/,39,6,0.7333333170370374,0.08858267699097898,24.833333333333332,34.45190156599553,23.714093959731542,24.833333333333332,308,508,3.072834645669291,13,8.124015748031496
Netclan20241034,https://insights.blackcoffer.com/bert-based-classification-of-individuals-and-organizations-into-two-categories-using-natural-language-processing/,5,3,0.24999996875000394,0.063999999488,23.3,28.75536480686695,20.82214592274678,23.3,67,125,3.088,3,9.04
Netclan20241035,https://insights.blackcoffer.com/comprehensive-analysis-of-solana-and-ethereum-contributors-using-github-api-with-comparative-study-of-1000-random-github-profiles/,13,5,0.4444444197530878,0.0703124997253418,34.214285714285715,28.39248434237996,25.04270802266627,34.214285714285715,136,256,3.0859375,3,8.48828125
Netclan20241036,https://insights.blackcoffer.com/powerbi-rest-api-fetching-dataflow-and-refresh-schedules-with-semantic-models/,20,7,0.48148146364883465,0.12328767066991932,24.3125,28.020565552699228,20.933226221079693,24.3125,109,219,2.8767123287671232,2,8.178082191780822
Netclan20241037,https://insights.blackcoffer.com/automated-job-data-import-and-management-solution-for-enhanced-efficiency/,11,0,0.9999999090909174,0.05978260837074669,26.166666666666668,26.43312101910828,21.03991507430998,26.166666666666668,83,184,2.6793478260869565,2,7.255434782608695
Netclan20241038,https://insights.blackcoffer.com/data-analytics-and-optimization-solution-for-enhancing-renewable-energy-efficiency/,9,1,0.7999999200000081,0.049751243533575906,26.916666666666668,38.39009287925697,26.12270381836946,26.916666666666668,124,201,3.0497512437810945,2,8.039800995024876
Netclan20241039,https://insights.blackcoffer.com/time-series-analysis-and-trend-forecasting-solution-for-predicting-news-trends/,10,1,0.8181817438016598,0.0567010306355617,25.916666666666668,28.29581993569132,21.684994640943195,25.916666666666668,88,194,2.6804123711340204,2,7.582474226804123
Netclan20241040,https://insights.blackcoffer.com/advanced-data-visualization-solutions-for-monitoring-key-business-metrics-with-integrated-interactive-dashboards/,17,0,0.999999941176474,0.08900523513609825,25.333333333333332,37.17105263157895,25.001754385964915,25.333333333333332,113,191,3.0575916230366493,2,8.172774869109947
Netclan20241041,https://insights.blackcoffer.com/advanced-patient-data-analysis-solution-for-trend-identification-and-improved-healthcare-outcome/,18,1,0.8947367950138528,0.09644670001803705,25.75,36.56957928802589,24.92783171521036,25.75,113,197,2.984771573604061,2,8.01522842639594
Netclan20241042,https://insights.blackcoffer.com/anomaly-detection-and-analysis-for-enhanced-data-integrity-and-user-experience-on-bright-datas-website/,11,8,0.15789472853185638,0.09090909047411919,29.333333333333332,31.25,24.233333333333334,29.333333333333332,110,209,2.937799043062201,2,7.899521531100478
Netclan20241043,https://insights.blackcoffer.com/building-custom-tflite-models-and-benchmarking-on-voxl2-chips/,9,0,0.9999998888889013,0.051136363345816116,28.666666666666668,24.12790697674419,21.117829457364344,28.666666666666668,83,176,2.914772727272727,2,8.806818181818182
Netclan20241044,https://insights.blackcoffer.com/sports-prediction-model-for-multiple-sports-leagues/,17,0,0.999999941176474,0.05862068945303211,32.125,27.626459143968873,23.90058365758755,32.125,142,290,2.627586206896552,1,7.506896551724138
Netclan20241045,https://insights.blackcoffer.com/efficient-coach-allocation-system-for-sports-coaching-organization/,13,4,0.5294117335640156,0.06967213086199947,27.0,20.37037037037037,18.948148148148146,27.0,99,244,2.8852459016393444,4,8.557377049180328
Netclan20241046,https://insights.blackcoffer.com/data-studio-dashboard-with-a-data-pipeline-tool-synced-with-podio-using-custom-webhooks-and-google-cloud-function-2/,21,4,0.679999972800001,0.07022471890386316,23.806451612903224,25.203252032520325,19.603881458169422,23.806451612903224,186,356,2.9157303370786516,1,7.834269662921348
Netclan20241047,https://insights.blackcoffer.com/ai-driven-backend-for-audio-to-text-conversion-and-analytical-assessment-in-pharmaceutical-practice/,8,2,0.599999940000006,0.04115226320513472,22.0,28.18181818181818,20.072727272727274,22.0,124,243,2.8106995884773665,2,7.510288065843621
Netclan20241048,https://insights.blackcoffer.com/cloud-based-web-application-for-financial-data-processing-and-visualization-of-sp-500-metrics/,47,13,0.5666666572222224,0.12631578920775624,25.64516129032258,32.45283018867924,23.23919659160073,25.64516129032258,258,475,3.008421052631579,5,8.130526315789474
Netclan20241049,https://insights.blackcoffer.com/department-wise-kpi-tracking-dashboard-with-technician-performance-analysis-for-atoz-dependable-service/,15,2,0.7647058373702448,0.04038004741002364,30.0,21.0,20.400000000000002,30.0,189,421,2.817102137767221,1,8.004750593824228
Netclan20241050,https://insights.blackcoffer.com/steps-to-convert-a-node-js-api-to-python-for-aws-lambda-deployment/,19,5,0.5833333090277788,0.10344827541617123,23.823529411764707,28.39506172839506,20.88743645606391,23.823529411764707,115,232,2.7586206896551726,1,7.836206896551724
Netclan20241051,https://insights.blackcoffer.com/building-an-analytics-dashboard-with-a-pdf-parsing-pipeline-for-data-extraction/,29,25,0.07407407270233199,0.05471124614517604,16.98095238095238,24.06057206954571,16.416609780199234,16.98095238095238,429,987,2.5866261398176293,1,6.92806484295846
Netclan20241052,https://insights.blackcoffer.com/building-a-real-time-log-file-visualization-dashboard-in-kibana/,14,20,-0.17647058304498286,0.06868686854810734,22.425,23.857302118171685,18.512920847268674,22.425,214,495,2.624242424242424,2,7.004040404040404
Netclan20241053,https://insights.blackcoffer.com/analyzing-the-impact-of-female-ceo-appointments-on-company-stock-prices/,17,6,0.4782608487712674,0.04448742738010169,21.270833333333332,29.97061704211557,20.496580150179565,21.270833333333332,306,517,2.9593810444874276,6,7.678916827852998
Netclan20241054,https://insights.blackcoffer.com/ai-chatbot-using-llm-langchain-llama/,12,1,0.8461537810650938,0.061611374115585905,30.285714285714285,24.056603773584907,21.736927223719675,30.285714285714285,102,211,2.744075829383886,1,7.331753554502369
Netclan20241055,https://insights.blackcoffer.com/healthcare-ai-chatbot-using-llama-llm-langchain/,41,3,0.863636344008265,0.09865470829898047,14.976190476190476,14.785373608903022,11.9046256340374,14.976190476190476,186,446,2.4327354260089686,30,6.401345291479821
Netclan20241056,https://insights.blackcoffer.com/ai-bot-audio-to-audio/,0,0,0.0,0.0,68.0,19.11764705882353,34.847058823529416,68.0,13,33,3.1818181818181817,0,7.757575757575758
Netclan20241057,https://insights.blackcoffer.com/recommendation-engine-for-insurance-sector-to-expand-business-in-the-rural-area/,9,1,0.7999999200000081,0.04926108350117693,42.333333333333336,23.62204724409449,26.382152230971133,42.333333333333336,90,203,2.5665024630541873,2,6.87192118226601
Netclan20241058,https://insights.blackcoffer.com/data-from-crm-via-zapier-to-google-sheets-dynamic-to-powerbi/,10,0,0.99999990000001,0.08474576199367999,25.363636363636363,17.921146953405017,17.313913326816554,25.363636363636363,50,118,2.4491525423728815,4,6.398305084745763
Netclan20241059,https://insights.blackcoffer.com/data-warehouse-to-google-data-studio-looker-dashboard/,4,0,0.9999997500000625,0.02580645144640999,30.90909090909091,21.764705882352942,21.06951871657754,30.90909090909091,74,155,2.8967741935483873,9,8.438709677419356
Netclan20241060,https://insights.blackcoffer.com/crm-monday-com-via-zapier-to-power-bi-dashboard/,11,3,0.5714285306122479,0.08284023619621163,18.47826086956522,16.0,13.791304347826088,18.47826086956522,68,169,2.3550295857988166,16,6.295857988165681
Netclan20241061,https://insights.blackcoffer.com/monday-com-to-kpi-dashboard-to-manage-view-and-generate-insights-from-the-crm-data/,16,6,0.4545454338842984,0.109452735773867,18.153846153846153,19.279661016949152,14.973402868318125,18.153846153846153,91,201,2.472636815920398,6,6.626865671641791
Netclan20241062,https://insights.blackcoffer.com/data-management-for-a-political-saas-application/,4,3,0.1428571224489825,0.033816424957408574,18.727272727272727,21.35922330097087,16.03459841129744,18.727272727272727,88,207,2.5603864734299515,3,6.995169082125604
Netclan20241063,https://insights.blackcoffer.com/google-lsa-ads-google-local-service-ads-etl-tools-and-dashboards/,4,0,0.9999997500000625,0.02721088416863344,31.333333333333332,24.113475177304963,22.17872340425532,31.333333333333332,68,147,2.4761904761904763,1,6.843537414965986
Netclan20241064,https://insights.blackcoffer.com/ad-networks-marketing-campaign-data-dashboard-in-looker-google-data-studio/,3,0,0.9999996666667778,0.04109588984800151,73.5,23.809523809523807,38.923809523809524,73.5,35,73,2.671232876712329,1,7.7534246575342465
Netclan20241065,https://insights.blackcoffer.com/analytical-solution-for-a-tech-firm/,4,2,0.33333327777778704,0.09999999833333337,26.2,19.083969465648856,18.11358778625954,26.2,25,60,2.966666666666667,2,8.683333333333334
Netclan20241066,https://insights.blackcoffer.com/ai-solution-for-a-technology-information-and-internet-firm/,4,0,0.9999997500000625,0.051948051273401935,36.75,22.448979591836736,23.679591836734694,36.75,33,77,2.4545454545454546,1,6.688311688311688
Netclan20241067,https://insights.blackcoffer.com/ai-and-nlp-based-solutions-to-automate-data-discovery-for-venture-capital-and-private-equity-principals/,6,1,0.7142856122449125,0.05223880558030742,32.875,26.61596958174905,23.796387832699622,32.875,70,134,2.6343283582089554,1,7.313432835820896
Netclan20241068,https://insights.blackcoffer.com/an-etl-solution-for-an-internet-publishing-firm/,10,0,0.99999990000001,0.0636942671102276,25.714285714285715,16.944444444444446,17.063492063492067,25.714285714285715,61,157,2.394904458598726,10,6.305732484076433
Netclan20241069,https://insights.blackcoffer.com/ai-based-algorithmic-trading-bot-for-forex/,3,1,0.49999987500003124,0.051948051273401935,25.333333333333332,21.052631578947366,18.55438596491228,25.333333333333332,32,77,2.5454545454545454,1,6.961038961038961
Netclan20241070,https://insights.blackcoffer.com/equity-waterfalls-model-based-saas-application-for-real-estate-sector/,3,1,0.49999987500003124,0.02339181272870285,20.15,21.588089330024815,16.695235732009927,20.15,87,171,2.6842105263157894,8,7.116959064327485
Netclan20241071,https://insights.blackcoffer.com/ai-solutions-for-foreign-exchange-an-automated-algo-trading-tool/,8,3,0.4545454132231443,0.05022831027293009,35.0,17.142857142857142,20.857142857142858,35.0,78,219,2.374429223744292,4,6.726027397260274
Netclan20241072,https://insights.blackcoffer.com/ai-agent-development-and-deployment-in-jina-ai/,10,6,0.24999998437500096,0.14414414284554827,34.285714285714285,22.083333333333332,22.54761904761905,34.285714285714285,53,111,2.7567567567567566,3,7.288288288288288
Netclan20241073,https://insights.blackcoffer.com/golden-record-a-knowledge-graph-database-approach-to-unfold-discovery-using-neo4j/,10,3,0.5384614970414233,0.07027026989043098,30.571428571428573,16.588785046728972,18.86408544726302,30.571428571428573,71,185,2.3567567567567567,12,6.697297297297298
Netclan20241074,https://insights.blackcoffer.com/advanced-ai-for-trading-automation/,10,3,0.5384614970414233,0.06403940855153001,20.318181818181817,19.23937360178971,15.82302216798861,20.318181818181817,86,203,2.689655172413793,9,7.142857142857143
Netclan20241075,https://insights.blackcoffer.com/create-a-knowledge-graph-to-provide-real-time-analytics-recommendations-and-a-single-source-of-truth/,5,3,0.24999996875000394,0.0799999992,20.3,27.093596059113302,18.957438423645325,20.3,55,100,2.76,1,7.28
Netclan20241076,https://insights.blackcoffer.com/advanced-ai-for-thermal-person-detection/,0,1,-0.9999990000010001,0.499999750000125,6.0,0.0,2.4000000000000004,6.0,0,2,2.0,0,6.0
Netclan20241077,https://insights.blackcoffer.com/advanced-ai-for-road-cam-threat-detection/,4,3,0.1428571224489825,0.10144927389203952,28.8,20.833333333333336,19.85333333333334,28.8,30,69,2.63768115942029,1,7.217391304347826
Netclan20241078,https://insights.blackcoffer.com/advanced-ai-for-pedestrian-crossing-safety/,6,3,0.33333329629630043,0.12499999826388891,23.571428571428573,21.818181818181817,18.155844155844157,23.571428571428573,36,72,2.763888888888889,3,7.597222222222222
Netclan20241079,https://insights.blackcoffer.com/handgun-detection-using-yolo/,4,0,0.9999997500000625,0.06060605968778698,24.8,26.61290322580645,20.56516129032258,24.8,33,66,2.742424242424242,2,7.5
Netclan20241080,https://insights.blackcoffer.com/using-graph-technology-to-create-single-customer-view/,4,7,-0.2727272479338866,0.10784313619761632,18.272727272727273,27.860696517412936,18.453369516056085,18.272727272727273,56,102,2.8333333333333335,4,7.313725490196078
Netclan20241081,https://insights.blackcoffer.com/car-detection-in-satellite-images/,9,0,0.9999998888889013,0.05769230732248521,21.529411764705884,18.579234972677597,16.043458694953394,21.529411764705884,68,156,2.608974358974359,8,7.371794871794871
Netclan20241082,https://insights.blackcoffer.com/building-a-physics-informed-neural-network-for-circuit-evaluation/,10,3,0.5384614970414233,0.06770833298068576,21.68421052631579,24.029126213592235,18.28533469596321,21.68421052631579,99,192,2.765625,12,7.786458333333333
Netclan20241083,https://insights.blackcoffer.com/connecting-mongodb-database-to-power-bi-dashboard-dashboard-automation/,7,3,0.39999996000000404,0.0495049502499755,23.647058823529413,23.383084577114428,18.812057360257537,23.647058823529413,94,202,2.5544554455445545,10,6.707920792079208
Netclan20241084,https://insights.blackcoffer.com/data-transformation/,20,12,0.24999999218750027,0.1322314044122669,21.666666666666668,16.538461538461537,15.282051282051283,21.666666666666668,86,242,2.4710743801652892,11,6.7727272727272725
Netclan20241085,https://insights.blackcoffer.com/e-commerce-store-analysis-purchase-behavior-ad-spend-conversion-traffic-etc/,7,1,0.7499999062500118,0.0382775117785765,21.157894736842106,28.855721393034827,20.005446451950775,21.157894736842106,116,209,2.861244019138756,14,7.181818181818182
Netclan20241086,https://insights.blackcoffer.com/kpi-dashboard-for-accountants/,11,0,0.9999999090909174,0.06547619008645125,29.181818181818183,24.922118380062305,21.641574624752195,29.181818181818183,80,168,2.5773809523809526,6,7.0
Netclan20241087,https://insights.blackcoffer.com/return-on-advertising-spend-dashboard-marketing-automation-and-analytics-using-etl-and-dashboard/,25,4,0.7241379060642101,0.06590909075929752,23.294117647058822,26.89393939393939,20.07522281639929,23.294117647058822,213,440,2.715909090909091,6,7.295454545454546
Netclan20241088,https://insights.blackcoffer.com/ranking-customer-behaviours-for-business-strategy/,4,2,0.33333327777778704,0.047999999616,69.25,16.967509025270758,34.4870036101083,69.25,47,125,2.456,2,6.688
Netclan20241089,https://insights.blackcoffer.com/algorithmic-trading-for-multiple-commodities-markets-like-forex-metals-energy-etc/,5,0,0.99999980000004,0.02702702688093499,24.5625,21.62849872773537,18.47639949109415,24.5625,85,185,2.6054054054054054,1,7.232432432432432
Netclan20241090,https://insights.blackcoffer.com/trading-bot-for-forex/,2,1,0.33333322222225925,0.05999999880000003,96.0,13.541666666666666,43.81666666666667,96.0,13,50,2.3,1,6.2
Netclan20241091,https://insights.blackcoffer.com/python-model-for-the-analysis-of-sector-specific-stock-etfs-for-investment-purposes%ef%bf%bc/,7,2,0.5555554938271674,0.05769230732248521,28.0,18.13186813186813,18.452747252747255,28.0,66,156,2.5,4,7.0576923076923075
Netclan20241092,https://insights.blackcoffer.com/medical-classification/,4,2,0.33333327777778704,0.03921568601819813,23.583333333333332,25.08833922261484,19.468669022379274,23.583333333333332,71,153,2.5098039215686274,5,6.830065359477124
Netclan20241093,https://insights.blackcoffer.com/design-develop-bert-question-answering-model-explanations-with-visualization/,1,0,0.9999990000010001,0.014285714081632657,44.333333333333336,28.57142857142857,29.16190476190476,44.333333333333336,38,70,2.9571428571428573,2,7.671428571428572
Netclan20241094,https://insights.blackcoffer.com/design-and-develop-solution-to-anomaly-detection-classification-problems/,2,7,-0.5555554938271674,0.08333333256172841,20.555555555555557,34.054054054054056,21.843843843843846,20.555555555555557,63,108,2.9444444444444446,5,6.9907407407407405
Netclan20241095,https://insights.blackcoffer.com/an-etl-solution-for-currency-data-to-google-big-query/,1,0,0.9999990000010001,0.007407407352537723,23.333333333333332,20.0,17.333333333333332,23.333333333333332,56,135,2.414814814814815,11,6.125925925925926
Netclan20241096,https://insights.blackcoffer.com/etl-and-mlops-infrastructure-for-blockchain-analytics/,2,0,0.99999950000025,0.010695187108581887,46.57142857142857,20.552147239263803,26.849430324276952,46.57142857142857,67,187,2.336898395721925,0,6.53475935828877
Netclan20241097,https://insights.blackcoffer.com/an-agent-based-model-of-a-virtual-power-plant-vpp/,0,1,-0.9999990000010001,0.499999750000125,6.0,0.0,2.4000000000000004,6.0,0,2,2.0,0,6.0
Netclan20241098,https://insights.blackcoffer.com/transform-api-into-sdk-library-and-widget/,9,1,0.7999999200000081,0.09615384522928995,52.75,18.95734597156398,28.682938388625594,52.75,40,104,2.5384615384615383,1,7.038461538461538
Netclan20241099,https://insights.blackcoffer.com/integration-of-a-product-to-a-cloud-based-crm-platform/,5,5,0.0,0.05847953182175712,17.764705882352942,18.874172185430464,14.655551227113364,17.764705882352942,57,171,2.47953216374269,1,6.7368421052631575
Netclan20241100,https://insights.blackcoffer.com/a-web-based-dashboard-for-the-filtered-data-retrieval-of-land-records/,10,2,0.6666666111111158,0.061855669784249126,25.23076923076923,18.902439024390244,17.65328330206379,25.23076923076923,62,194,2.3350515463917527,0,6.43298969072165
Netclan20241101,https://insights.blackcoffer.com/integration-of-video-conferencing-data-to-the-existing-web-app/,1,0,0.9999990000010001,0.0066666666222222224,29.875,22.17573221757322,20.82029288702929,29.875,53,150,2.48,0,6.506666666666667
Netclan20241102,https://insights.blackcoffer.com/design-develop-an-app-in-retool-which-shows-the-progress-of-the-added-video/,3,0,0.9999996666667778,0.052631578024007405,53.0,23.58490566037736,30.633962264150945,53.0,25,57,2.4035087719298245,2,6.228070175438597
Netclan20241103,https://insights.blackcoffer.com/auvik-connectwise-integration-in-grafana/,2,1,0.33333322222225925,0.029702970002940893,21.4,24.299065420560748,18.279626168224297,21.4,52,101,2.742574257425743,0,7.257425742574258
Netclan20241104,https://insights.blackcoffer.com/data-integration-and-big-data-performance-using-elk-stack/,3,1,0.49999987500003124,0.027397260086320138,21.615384615384617,22.77580071174377,17.756474130851355,21.615384615384617,64,146,2.6232876712328768,2,7.164383561643835
Netclan20241105,https://insights.blackcoffer.com/web-data-connector/,1,0,0.9999990000010001,0.009523809433106578,18.636363636363637,18.048780487804876,14.674057649667407,18.636363636363637,37,105,2.4857142857142858,1,6.809523809523809
Netclan20241106,https://insights.blackcoffer.com/an-app-for-updating-the-email-id-of-the-user-and-stripe-refund-tool-using-retool/,7,1,0.7499999062500118,0.09756097441998812,77.5,29.03225806451613,42.612903225806456,77.5,45,82,2.4634146341463414,3,6.121951219512195
Netclan20241107,https://insights.blackcoffer.com/an-ai-ml-based-web-application-that-detects-the-correctness-of-text-in-a-given-video/,1,5,-0.6666665555555741,0.0540540535670806,74.33333333333333,21.076233183856502,38.163826606875936,74.33333333333333,47,111,2.315315315315315,2,6.666666666666667
Netclan20241108,https://insights.blackcoffer.com/website-tracking-and-insights-using-google-analytics-google-tag-manager/,15,2,0.7647058373702448,0.04106280183318164,29.516129032258064,24.48087431693989,21.598801339679184,29.516129032258064,224,414,2.601449275362319,3,6.782608695652174
Netclan20241109,https://insights.blackcoffer.com/dashboard-to-track-the-analytics-of-the-website-using-google-analytics-and-google-tag-manager/,15,1,0.8749999453125034,0.037558685357843465,28.21212121212121,22.878625134264233,20.43629853855418,28.21212121212121,213,426,2.6455399061032865,1,6.856807511737089
Netclan20241110,https://insights.blackcoffer.com/power-bi-dashboard-on-operations-transactions-and-marketing-embedding-the-dashboard-to-web-app/,1,0,0.9999990000010001,0.0238095232426304,25.333333333333332,27.631578947368425,21.185964912280703,25.333333333333332,21,42,2.619047619047619,0,7.095238095238095
Netclan20241111,https://insights.blackcoffer.com/nft-data-automation-looksrare-and-etl-tool/,4,2,0.33333327777778704,0.04545454511019284,22.571428571428573,14.556962025316455,14.851356238698012,22.571428571428573,46,132,2.4318181818181817,3,6.348484848484849
Netclan20241112,https://insights.blackcoffer.com/optimize-the-data-scraper-program-to-easily-accommodate-large-files-and-solve-oom-errors/,4,3,0.1428571224489825,0.08235294020761247,26.0,17.582417582417584,17.432967032967035,26.0,32,85,2.458823529411765,2,6.882352941176471
Netclan20241113,https://insights.blackcoffer.com/making-a-robust-way-to-sync-data-from-airtables-to-mongodb-using-python-etl-solution/,3,4,-0.1428571224489825,0.047619047295108526,28.90909090909091,14.465408805031446,17.349799885648945,28.90909090909091,46,147,2.312925170068027,1,6.414965986394558
Netclan20241114,https://insights.blackcoffer.com/incident-duration-prediction-infrastructure-and-real-estate/,1,1,0.0,0.018181818016528926,26.555555555555557,26.359832635983267,21.16615527661553,26.555555555555557,63,110,2.7818181818181817,4,7.290909090909091
Netclan20241115,https://insights.blackcoffer.com/statistical-data-analysis-of-reinforced-concrete/,6,1,0.7142856122449125,0.03804347805411153,30.53846153846154,22.921914357682617,21.384150358457664,30.53846153846154,91,184,2.733695652173913,4,7.320652173913044
Netclan20241116,https://insights.blackcoffer.com/database-normalization-segmentation-with-google-data-studio-dashboard-insights/,1,0,0.9999990000010001,0.008695652098298678,16.142857142857142,23.893805309734514,16.014664981036663,16.142857142857142,54,115,2.7304347826086954,8,6.626086956521739
Netclan20241117,https://insights.blackcoffer.com/power-bi-dashboard-to-drive-insights-from-complex-data-to-generate-business-insights/,4,3,0.1428571224489825,0.04347826059951391,22.266666666666666,15.568862275449103,15.13421157684631,22.266666666666666,52,161,2.2546583850931676,8,6.130434782608695
Netclan20241118,https://insights.blackcoffer.com/real-time-dashboard-to-monitor-infrastructure-activity-and-machines/,1,1,0.0,0.030769230295857996,25.0,25.6,20.240000000000002,25.0,32,65,2.6,2,6.7846153846153845
Netclan20241119,https://insights.blackcoffer.com/electric-vehicles-ev-load-management-system-to-forecast-energy-demand/,3,2,0.199999960000008,0.0318471335551138,24.583333333333332,24.06779661016949,19.46045197740113,24.583333333333332,71,157,2.6178343949044587,7,6.528662420382165
Netclan20241120,https://insights.blackcoffer.com/power-bi-data-driven-map-dashboard/,1,0,0.9999990000010001,0.05882352595155729,26.0,34.61538461538461,24.246153846153845,26.0,9,17,2.6470588235294117,0,7.352941176470588
Netclan20241121,https://insights.blackcoffer.com/google-local-service-ads-lsa-leads-dashboard/,17,2,0.7894736426592819,0.06168831148802496,21.6,20.833333333333336,16.973333333333336,21.6,135,308,2.512987012987013,3,6.623376623376624
Netclan20241122,https://insights.blackcoffer.com/aws-lex-voice-and-chatbot/,6,0,0.9999998333333611,0.03550295836980498,23.4,16.23931623931624,15.855726495726495,23.4,57,169,2.1538461538461537,5,5.739644970414201
Netclan20241123,https://insights.blackcoffer.com/metabridges-api-decentraland-integration/,1,0,0.9999990000010001,0.005555555524691358,21.266666666666666,23.824451410658305,18.03644723092999,21.266666666666666,76,180,2.3444444444444446,0,6.177777777777778
Netclan20241124,https://insights.blackcoffer.com/microsoft-azure-chatbot-with-luis-language-understanding/,5,0,0.99999980000004,0.06578947281855957,23.0,32.608695652173914,22.243478260869566,23.0,45,76,2.723684210526316,0,6.828947368421052
Netclan20241125,https://insights.blackcoffer.com/impact-of-news-media-and-press-on-innovation-startups-and-investments/,7,4,0.2727272479338866,0.07333333284444445,17.42105263157895,18.429003021148034,14.340022261090793,17.42105263157895,61,150,2.473333333333333,8,6.246666666666667
Netclan20241126,https://insights.blackcoffer.com/aws-quicksight-reporting-dashboard/,7,3,0.39999996000000404,0.062499999609375,35.4,16.38418079096045,20.71367231638418,35.4,58,160,2.41875,5,6.46875
Netclan20241127,https://insights.blackcoffer.com/google-data-studio-dashboard-for-marketing-ads-and-traction-data/,6,0,0.9999998333333611,0.023529411672433678,33.0,18.939393939393938,20.775757575757577,33.0,100,255,2.4352941176470586,8,6.658823529411765
Netclan20241128,https://insights.blackcoffer.com/gangala-in-e-commerce-big-data-etl-elt-solution-and-data-warehouse/,6,1,0.7142856122449125,0.05072463731358959,26.083333333333332,14.057507987220447,16.05633652822151,26.083333333333332,44,138,2.3333333333333335,8,6.231884057971015
Netclan20241129,https://insights.blackcoffer.com/big-data-solution-to-an-online-multivendor-marketplace-ecommerce-business/,15,0,0.9999999333333378,0.08771929773263569,44.0,19.03409090909091,25.213636363636365,44.0,67,171,2.4327485380116958,5,6.421052631578948
Netclan20241130,https://insights.blackcoffer.com/creating-a-custom-report-and-dashboard-using-the-data-got-from-atera-api/,1,0,0.9999990000010001,0.022727272210743815,29.666666666666668,23.595505617977526,21.30486891385768,29.666666666666668,21,44,2.8181818181818183,2,7.886363636363637
Netclan20241131,https://insights.blackcoffer.com/azure-data-lake-and-power-bi-dashboard/,6,2,0.4999999375000079,0.08163265222823825,19.1,28.272251308900525,18.948900523560212,19.1,54,98,3.204081632653061,0,8.255102040816327
Netclan20241132,https://insights.blackcoffer.com/google-data-studio-pipeline-with-gcp-mysql/,1,0,0.9999990000010001,0.013157894563711914,35.75,23.776223776223777,23.81048951048951,35.75,34,76,2.4210526315789473,1,6.2105263157894735
Netclan20241133,https://insights.blackcoffer.com/quickbooks-dashboard-to-find-patterns-in-finance-sales-and-forecasts/,8,0,0.9999998750000157,0.04324324300949598,32.90909090909091,26.795580110497237,23.88186840783526,32.90909090909091,97,185,2.718918918918919,2,7.324324324324325
Netclan20241134,https://insights.blackcoffer.com/marketing-sales-and-financial-data-business-dashboard-wink-report/,1,0,0.9999990000010001,0.006896551676575506,20.066666666666666,18.272425249169437,15.335636766334444,20.066666666666666,55,145,2.4275862068965517,3,6.758620689655173
Netclan20241135,https://insights.blackcoffer.com/react-native-apps-in-the-development-portfolio/,0,0,0.0,0.0,68.0,32.35294117647059,40.141176470588235,68.0,22,39,5.076923076923077,1,16.307692307692307
Netclan20241136,https://insights.blackcoffer.com/a-leading-firm-website-seo-optimization/,3,0,0.9999996666667778,0.049999999166666684,16.166666666666668,37.11340206185567,21.312027491408937,16.166666666666668,36,60,2.816666666666667,0,7.283333333333333
Netclan20241137,https://insights.blackcoffer.com/a-leading-hospitality-firm-in-the-usa-website-seo-optimization/,6,0,0.9999998333333611,0.09090908953168046,21.333333333333332,25.78125,18.84583333333333,21.333333333333332,33,66,2.712121212121212,0,7.318181818181818
Netclan20241138,https://insights.blackcoffer.com/a-leading-firm-in-the-usa-website-seo-optimization/,3,2,0.199999960000008,0.10416666449652782,43.5,22.988505747126435,26.595402298850576,43.5,20,48,2.5833333333333335,0,7.208333333333333
Netclan20241139,https://insights.blackcoffer.com/a-leading-musical-instrumental-website-seo-optimization/,4,3,0.1428571224489825,0.12727272495867772,11.714285714285714,36.58536585365854,19.319860627177704,11.714285714285714,30,55,2.618181818181818,0,6.927272727272728
Netclan20241140,https://insights.blackcoffer.com/a-leading-firm-in-the-usa-seo-and-website-optimization/,3,1,0.49999987500003124,0.08510638116794934,12.333333333333334,36.486486486486484,19.52792792792793,12.333333333333334,27,47,2.617021276595745,0,7.191489361702128
Netclan20241141,https://insights.blackcoffer.com/immigration-datawarehouse-ai-based-recommendations/,9,0,0.9999998888889013,0.06206896508917955,23.0,19.565217391304348,17.026086956521738,23.0,63,145,2.5448275862068965,7,6.841379310344828
Netclan20241142,https://insights.blackcoffer.com/lipsync-automation-for-celebrities-and-influencers/,1,0,0.9999990000010001,0.01149425274144537,23.857142857142858,25.149700598802394,19.602737382378102,23.857142857142858,42,87,2.942528735632184,4,8.022988505747126
Netclan20241143,https://insights.blackcoffer.com/key-audit-matters-predictive-modeling/,3,8,-0.4545454132231443,0.049999999772727274,31.428571428571427,22.272727272727273,21.48051948051948,31.428571428571427,98,220,2.6272727272727274,3,6.695454545454545
Netclan20241144,https://insights.blackcoffer.com/splitting-of-songs-into-its-vocals-and-instrumental/,9,3,0.4999999583333368,0.10909090809917356,24.77777777777778,20.179372197309416,17.98285999003488,24.77777777777778,45,110,2.5727272727272728,1,6.9
Netclan20241145,https://insights.blackcoffer.com/ai-and-ml-technologies-to-evaluate-learning-assessments/,12,2,0.7142856632653098,0.07865168495139503,22.88888888888889,22.572815533980584,18.18468176914779,22.88888888888889,93,178,2.8876404494382024,12,7.404494382022472
Netclan20241146,https://insights.blackcoffer.com/datawarehouse-and-recommendations-engine-for-airbnb/,9,2,0.636363578512402,0.07913669007815331,24.166666666666668,20.689655172413794,17.942528735632187,24.166666666666668,60,139,2.553956834532374,7,6.9352517985611515
Netclan20241147,https://insights.blackcoffer.com/real-estate-data-warehouse/,4,0,0.9999997500000625,0.026143790678798753,24.0,18.452380952380953,16.98095238095238,24.0,62,153,2.581699346405229,1,7.084967320261438
Netclan20241148,https://insights.blackcoffer.com/traction-dashboards-of-marketing-campaigns-and-posts/,4,1,0.599999880000024,0.033557046754650696,24.307692307692307,22.468354430379748,18.71041869522882,24.307692307692307,71,149,2.704697986577181,8,7.677852348993288
Netclan20241149,https://insights.blackcoffer.com/google-local-service-ads-lsa-data-warehouse/,2,0,0.99999950000025,0.023255813683071936,21.714285714285715,28.947368421052634,20.26466165413534,21.714285714285715,44,86,2.558139534883721,0,6.395348837209302
Netclan20241150,https://insights.blackcoffer.com/google-local-service-ads-missed-calls-and-messages-automation-tool/,2,2,0.0,0.04545454493801654,37.0,21.62162162162162,23.44864864864865,37.0,32,88,2.3181818181818183,0,6.181818181818182
Netclan20241151,https://insights.blackcoffer.com/marketing-ads-leads-call-status-data-tool-to-bigquery/,4,0,0.9999997500000625,0.0512820506245891,22.166666666666668,31.57894736842105,21.49824561403509,22.166666666666668,42,78,2.782051282051282,0,6.935897435897436
Netclan20241152,https://insights.blackcoffer.com/marketing-analytics-to-automate-leads-call-status-and-reporting/,4,0,0.9999997500000625,0.052631578254847655,23.0,29.71014492753623,21.084057971014495,23.0,41,76,2.6842105263157894,0,6.723684210526316
Netclan20241153,https://insights.blackcoffer.com/callrail-analytics-leads-report-alert/,3,0,0.9999996666667778,0.03749999953125001,21.142857142857142,27.027027027027028,19.26795366795367,21.142857142857142,40,80,2.7125,0,6.8125
Netclan20241154,https://insights.blackcoffer.com/marketing-automation-tool-to-notify-lead-details-to-clients-over-email-and-phone/,2,0,0.99999950000025,0.0298507458231232,28.75,26.08695652173913,21.934782608695652,28.75,30,67,2.4776119402985075,0,6.343283582089552
Netclan20241155,https://insights.blackcoffer.com/data-etl-local-service-ads-leads-to-bigquery/,3,0,0.9999996666667778,0.044117646410034614,21.8,31.19266055045872,21.197064220183492,21.8,34,68,2.7058823529411766,0,6.5588235294117645
Netclan20241156,https://insights.blackcoffer.com/marbles-stimulation-using-python/,2,1,0.33333322222225925,0.02912621330945424,22.545454545454547,13.306451612903224,14.34076246334311,22.545454545454547,33,103,2.0776699029126213,2,5.621359223300971
Netclan20241157,https://insights.blackcoffer.com/stocktwits-data-structurization/,11,9,0.09999999500000024,0.03731343276620628,20.145833333333332,17.063081695966908,14.883566011720099,20.145833333333332,165,536,2.300373134328358,6,6.531716417910448
Netclan20241158,https://insights.blackcoffer.com/sentimental-analysis-on-shareholder-letter-of-companies/,9,5,0.2857142653061239,0.04575163383741296,24.571428571428573,29.26356589147287,21.53399778516058,24.571428571428573,151,306,2.542483660130719,3,6.519607843137255
Netclan20241159,https://insights.blackcoffer.com/population-and-community-survey-of-america/,12,9,0.14285713605442207,0.039325842622985316,27.529411764705884,22.756410256410255,20.11432880844646,27.529411764705884,213,534,2.3801498127340825,3,6.383895131086143
Netclan20241160,https://insights.blackcoffer.com/google-lsa-api-data-automation-and-dashboarding/,20,17,0.08108107888970058,0.04506699141891962,23.328125,24.17950435365037,19.00305174146015,23.328125,361,821,2.571254567600487,7,6.465286236297199
Netclan20241161,https://insights.blackcoffer.com/healthcare-data-analysis/,5,6,-0.09090908264462885,0.10476190376417235,23.636363636363637,15.769230769230768,15.762237762237763,23.636363636363637,41,105,2.4380952380952383,11,6.895238095238096
Netclan20241162,https://insights.blackcoffer.com/budget-sales-kpi-dashboard-using-power-bi/,0,0,0.0,0.0,17.0,41.17647058823529,23.270588235294117,17.0,7,12,4.083333333333333,0,10.583333333333334
Netclan20241163,https://insights.blackcoffer.com/amazon-buy-bot-an-automation-ai-tool-to-auto-checkouts/,2,0,0.99999950000025,0.03333333277777779,17.714285714285715,17.741935483870968,14.182488479262673,17.714285714285715,22,60,2.6166666666666667,1,6.65
